<?xml version="1.0" encoding="UTF-8"?>
<project-private xmlns="http://www.netbeans.org/ns/project-private/1">
    <editor-bookmarks xmlns="http://www.netbeans.org/ns/editor-bookmarks/2" lastBookmarkId="0"/>
    <open-files xmlns="http://www.netbeans.org/ns/projectui-open-files/2">
        <group>
            <file>file:/D:/aviationCompany/src/aviationcompany/AviationCompany.java</file>
            <file>file:/D:/aviationCompany/src/aviationcompany/User.java</file>
            <file>file:/D:/aviationCompany/src/aviationcompany/FXMLCreateBillController.java</file>
            <file>file:/D:/aviationCompany/src/aviationcompany/DataController.java</file>
            <file>file:/D:/aviationCompany/src/aviationcompany/Administrator.java</file>
            <file>file:/D:/aviationCompany/src/aviationcompany/meeting.java</file>
            <file>file:/D:/aviationCompany/src/aviationcompany/FXMLAdministratorController.java</file>
            <file>file:/D:/aviationCompany/src/aviationcompany/FXMLPilotController.java</file>
            <file>file:/D:/aviationCompany/src/aviationcompany/FxmlCreateMeetingController.java</file>
            <file>file:/D:/aviationCompany/src/aviationcompany/CEO.java</file>
            <file>file:/D:/aviationCompany/src/aviationcompany/FXMLCEOController.java</file>
            <file>file:/D:/aviationCompany/src/aviationcompany/FXMLAdministrator.fxml</file>
            <file>file:/D:/aviationCompany/src/aviationcompany/FXMLCreateNewAccountController.java</file>
            <file>file:/D:/aviationCompany/src/aviationcompany/Pilot.java</file>
            <file>file:/D:/aviationCompany/src/aviationcompany/loginController.java</file>
            <file>file:/D:/aviationCompany/src/aviationcompany/Passenger.java</file>
            <file>file:/D:/aviationCompany/src/aviationcompany/FXMLCEO.fxml</file>
            <file>file:/D:/aviationCompany/src/aviationcompany/FXMLPilot.fxml</file>
        </group>
    </open-files>
</project-private>
